{
  "Average IoU": 0.6326741840332915,
  "Median IoU": 0.6887702370110544,
  "95% CI IoU": [
    0.6050573797846988,
    0.6602909882818842
  ],
  "Average Dice": 0.7298698014429388,
  "Median Dice": 0.7970599709004657,
  "95% CI Dice": [
    0.7037166094047256,
    0.756022993481152
  ],
  "Average F1": 0.7298698014429388,
  "Median F1": 0.7970599709004657,
  "95% CI F1": [
    0.7037166094047256,
    0.756022993481152
  ],
  "Average Precision": 0.8353818972680215,
  "Median Precision": 0.9038336037039332,
  "95% CI Precision": [
    0.8109263688161182,
    0.8598374257199247
  ],
  "Average Recall": 0.6775412424383448,
  "Median Recall": 0.7494578156425611,
  "95% CI Recall": [
    0.6492700460069538,
    0.7058124388697358
  ]
}