{
  "Average IoU": 0.6408354421482981,
  "Median IoU": 0.6553212834315482,
  "95% CI IoU": [
    0.6346356919921591,
    0.6470351923044372
  ],
  "Average Dice": 0.7538756877357028,
  "Median Dice": 0.7849310156128788,
  "95% CI Dice": [
    0.7473740080233692,
    0.7603773674480364
  ],
  "Average F1": 0.7538756877357028,
  "Median F1": 0.7849310156128788,
  "95% CI F1": [
    0.7473740080233692,
    0.7603773674480364
  ],
  "Average Precision": 0.833743086582827,
  "Median Precision": 0.8743963428165504,
  "95% CI Precision": [
    0.8267562496545241,
    0.84072992351113
  ],
  "Average Recall": 0.7048707596884722,
  "Median Recall": 0.7257298943521274,
  "95% CI Recall": [
    0.6989793628214797,
    0.7107621565554648
  ]
}