{
  "Average IoU": 0.652466253120589,
  "Median IoU": 0.6632235614397111,
  "95% CI IoU": [
    0.6429386343919407,
    0.6619938718492374
  ],
  "Average Dice": 0.7605749293129208,
  "Median Dice": 0.7860559614284843,
  "95% CI Dice": [
    0.7519359986696651,
    0.7692138599561765
  ],
  "Average F1": 0.7605749293129208,
  "Median F1": 0.7860559614284843,
  "95% CI F1": [
    0.7519359986696651,
    0.7692138599561765
  ],
  "Average Precision": 0.8618410506577423,
  "Median Precision": 0.8990977368366971,
  "95% CI Precision": [
    0.8531613735796102,
    0.8705207277358744
  ],
  "Average Recall": 0.7181978781251299,
  "Median Recall": 0.7239969372278707,
  "95% CI Recall": [
    0.7084708595558575,
    0.7279248966944023
  ]
}